Sample,Phase,Density,VRH,C11,C12,C13,C14,C15,C16,C22,C23,C24,C25,C26,C33,C34,C35,C36,C44,C45,C46,C55,C56,C66,Quartz,Feldspar,Biotite,Muscovite,Chlorite,Hornblende,Garnet,Pyrite,AH,AI,AJ,AK,AL,AM,AN
1,0,2.9064,1,1.4305,0.27964,0.32825,0.0021537,0.00030025,0.011937,0.9877,0.28893,0.0051771,-0.0060918,0.0053858,1.4054,-0.028477,0.0045016,-0.0074228,0.37592,-0.0021731,-0.0065265,0.54096,-0.0040776,0.37303,0.31534,0.21572,0.18845,0.22129,0,0,0.0592,0,,,,,,,
1,0,2.9064,2,1.0269,0.25246,0.26057,0.0038874,0.011133,0.017695,0.70484,0.26995,-0.0020192,-0.015691,-0.0013223,0.98093,-0.012413,0.011808,-0.0089566,0.19456,0.00094174,-0.0042086,0.37566,-0.0025194,0.19205,0.31534,0.21572,0.18845,0.22129,0,0,0.0592,0,,,,,,,
1,0,2.9064,3,1.2287,0.26605,0.29441,0.0030206,0.0057169,0.014816,0.84627,0.27944,0.001579,-0.010891,0.0020318,1.1932,-0.020445,0.0081549,-0.0081897,0.28524,-0.00061569,-0.0053675,0.45831,-0.0032985,0.28254,0.31534,0.21572,0.18845,0.22129,0,0,0.0592,0,,,,,,,
1,1,2.649,1,1.0324,0.059079,0.049645,0.0063288,-0.012909,0.009451,1.0153,0.060002,0.039127,0.0027614,0.0092144,1.0339,-0.057892,-0.010211,-0.013969,0.47747,-0.011096,-0.0096898,0.47121,-0.0012775,0.47505,1,0,0,0,0,0,0,0,,,,,,,
1,1,2.649,2,0.93718,0.099955,0.091393,0.0070462,-0.014022,0.009087,0.92394,0.096566,0.030496,0.0049127,0.0068299,0.9443,-0.049782,-0.010301,-0.011125,0.41596,-0.0077427,-0.0088011,0.40934,-0.0024583,0.40888,1,0,0,0,0,0,0,0,,,,,,,
1,2,2.686,1,1.0983,0.42637,0.44422,-0.0060648,-0.022743,-0.00016198,1.0693,0.43804,-0.0056209,-0.0053509,-0.0054303,1.0951,-0.0068616,0.0033842,-0.00099578,0.33007,0.00049068,-0.0035418,0.3356,-0.0013154,0.32397,0,1,0,0,0,0,0,0,,,,,,,
1,2,2.686,2,0.96493,0.38458,0.40006,-0.01063,-0.018463,0.0011328,0.93699,0.39539,-0.0026896,-0.0070726,-0.0041499,0.95813,-0.0023502,0.0033351,-0.0027034,0.28289,0.0013515,-0.00024873,0.28974,0.0042338,0.27989,0,1,0,0,0,0,0,0,,,,,,,
1,3,3.05,1,1.6773,0.21872,0.30916,0.0061172,0.037236,0.073008,0.5678,0.24168,-0.035888,-0.02547,0.018183,1.5878,-0.030379,0.029765,-0.0093744,0.21483,0.017505,-0.011825,0.66899,-0.013644,0.21374,0,0,1,0,0,0,0,0,,,,,,,
1,3,3.05,2,0.94583,0.29241,0.30072,0.008491,0.068822,0.033428,0.48289,0.30926,-0.0059036,-0.019649,0.0005721,0.81034,-0.0062337,0.037769,-0.0092338,0.078313,0.006861,-0.0024691,0.30908,-0.0021495,0.078159,0,0,1,0,0,0,0,0,,,,,,,
1,4,2.83,1,1.6995,0.28934,0.42822,0.0014531,0.010144,-0.021548,0.69592,0.29918,0.0034913,-0.0045221,0.0010566,1.6631,-0.013478,0.0062791,-0.0047186,0.26031,-0.0094284,-0.0021266,0.62298,-0.0036681,0.25745,0,0,0,1,0,0,0,0,,,,,,,
1,4,2.83,2,1.3847,0.26426,0.35634,0.0011166,0.022163,-0.018541,0.61948,0.27014,0.0020934,-0.00295,0.00037163,1.3083,-0.011432,0.01298,-0.0039675,0.19539,-0.0079174,-0.00094497,0.48879,-0.0029602,0.19351,0,0,0,1,0,0,0,0,,,,,,,
1,7,3.81,1,2.9708,1.0774,1.0768,-0.00013676,0.00025625,1.89E-05,2.9705,1.0771,0.00070564,-0.00013168,-0.00014847,2.9711,-0.00056887,-0.00012456,0.00012961,0.94711,0.00012961,-0.00013168,0.94678,-0.00013676,0.94743,0,0,0,0,0,0,1,0,,,,,,,
1,7,3.81,2,2.9706,1.0775,1.0769,-0.00013577,0.00025474,1.87E-05,2.9703,1.0772,0.00070163,-0.00013074,-0.00014776,2.9709,-0.00056587,-0.000124,0.00012906,0.94695,0.00012888,-0.00013116,0.94663,-0.00013607,0.94727,0,0,0,0,0,0,1,0,,,,,,,
2,0,2.8941,1,1.4809,0.40132,0.42005,0.00015906,0.01609,-0.027866,1.1464,0.40708,0.0039585,-0.0009633,-0.0071344,1.364,0.0044075,0.0089105,-0.0024974,0.40761,-0.010593,-0.0012796,0.48894,0.0022774,0.40895,0.21414,0.18755,0.19747,0.038017,0.13938,0.16384,0.059621,0,,,,,,,
2,0,2.8941,2,1.029,0.34986,0.33513,0.00014147,0.013438,-0.025274,0.78897,0.3727,-0.002582,-0.0040347,0.0010815,0.93246,0.0057524,0.0050287,0.0029929,0.21549,-0.010165,-0.0014357,0.30452,0.00076294,0.20812,0.21414,0.18755,0.19747,0.038017,0.13938,0.16384,0.059621,0,,,,,,,
2,0,2.8941,3,1.2549,0.37559,0.37759,0.00015026,0.014764,-0.02657,0.96767,0.38989,0.00068825,-0.002499,-0.0030264,1.1482,0.00508,0.0069696,0.00024777,0.31155,-0.010379,-0.0013576,0.39673,0.0015201,0.30854,0.21414,0.18755,0.19747,0.038017,0.13938,0.16384,0.059621,0,,,,,,,
2,1,2.649,1,1.0225,0.057911,0.063493,-0.0047997,0.0042663,-0.0080999,1.0193,0.064031,0.016689,-0.004906,-0.012604,1.0064,-0.018488,0.0027785,0.010443,0.47976,0.0041683,-0.0035978,0.48089,-0.0088357,0.47978,1,0,0,0,0,0,0,0,,,,,,,
2,1,2.649,2,0.92956,0.098211,0.10321,-0.0036403,0.0034649,-0.0078589,0.92746,0.10248,0.013336,-0.0031576,-0.012792,0.91542,-0.015898,0.0019332,0.010538,0.41297,0.002667,-0.0021074,0.4143,-0.008689,0.41502,1,0,0,0,0,0,0,0,,,,,,,
2,2,2.686,1,1.0801,0.43341,0.42967,-0.00093644,0.0023029,0.0019183,1.0929,0.44181,-0.0010523,0.0024748,0.0042827,1.0972,-0.0049969,-0.0042232,0.0014004,0.33227,-0.00013016,0.0025701,0.32471,0.0015466,0.32891,0,1,0,0,0,0,0,0,,,,,,,
2,2,2.686,2,0.94865,0.38861,0.38707,-0.001887,0.0017323,0.0014803,0.9578,0.39963,-6.87E-05,0.0021841,0.0035922,0.95973,-0.0038714,-0.0034043,0.0015597,0.28355,-0.00012186,0.0025872,0.27983,0.0023031,0.28408,0,1,0,0,0,0,0,0,,,,,,,
2,3,3.05,1,1.5803,0.25635,0.29559,0.0014914,0.0062111,-0.067179,0.62205,0.30572,-0.025281,-0.0069424,-0.018673,1.4543,-0.00025188,0.0048362,0.00056209,0.30284,-0.027459,-0.0055938,0.6042,-0.0064072,0.27864,0,0,1,0,0,0,0,0,,,,,,,
2,3,3.05,2,0.8063,0.31285,0.29651,0.0020253,0.0079826,-0.027291,0.48314,0.33462,-0.0048181,-0.0028023,-0.00062699,0.68987,0.0026555,0.0032832,0.0030892,0.096287,-0.010355,-0.0015768,0.2112,-0.0021757,0.088571,0,0,1,0,0,0,0,0,,,,,,,
2,4,2.83,1,1.4855,0.36566,0.37974,0.025564,0.01982,-0.059396,1.0228,0.3836,0.063828,-0.0027107,-0.023838,1.3257,0.11011,0.003297,-0.0047757,0.378,-0.020736,0.00027654,0.48423,0.057516,0.39077,0,0,0,1,0,0,0,0,,,,,,,
2,4,2.83,2,1.0603,0.29403,0.29774,0.015205,0.013423,-0.044143,0.74803,0.30743,0.033881,-0.0039877,-0.012065,0.92564,0.071548,-0.0028143,-0.0035102,0.2526,-0.013802,-0.0019954,0.31819,0.038749,0.25605,0,0,0,1,0,0,0,0,,,,,,,
2,7,3.81,1,2.972,1.077,1.076,0.00038817,-0.00066485,-0.00051102,2.9703,1.0777,0.00039211,0.00083112,0.00031148,2.9713,-0.00078028,-0.00016628,0.00019954,0.9477,0.00019954,0.00083112,0.94596,0.00038817,0.94701,0,0,0,0,0,0,1,0,,,,,,,
2,7,3.81,2,2.9718,1.0771,1.0761,0.0003864,-0.00066091,-0.00050857,2.9701,1.0778,0.00039028,0.00082556,0.00031043,2.9711,-0.00077669,-0.00016465,0.00019814,0.94754,0.00019883,0.0008272,0.94581,0.00038613,0.94686,0,0,0,0,0,0,1,0,,,,,,,
2,5,2.95,1,1.5484,0.55376,0.60331,0.0024439,0.039871,-0.04549,1.1749,0.56189,0.0076717,-0.0048542,-0.015156,1.4379,0.027133,0.029701,-0.0073134,0.31046,-0.016992,0.0043623,0.41098,0.0077486,0.31691,0,0,0,0,1,0,0,0,,,,,,,
2,5,2.95,2,1.196,0.56974,0.57791,-0.004213,0.032423,-0.028477,0.96714,0.585,0.0017526,-0.0083228,-0.0025687,1.0988,0.014804,0.016901,0.0013191,0.18088,-0.010607,0.0012921,0.24518,0.0036967,0.18265,0,0,0,0,1,0,0,0,,,,,,,
2,6,3.124,1,1.8178,0.6208,0.63976,-0.0016336,0.04423,-0.028053,1.3461,0.56754,0.012544,0.010523,0.0088433,1.3889,0.0087409,0.023788,-0.023916,0.41876,-0.017667,-0.0033852,0.44962,0.011321,0.45172,0,0,0,0,0,1,0,0,,,,,,,
2,6,3.124,2,1.745,0.60199,0.62402,-0.0020621,0.047672,-0.031341,1.2977,0.54463,0.0097753,0.0099211,0.0074132,1.3239,0.0071393,0.020168,-0.022227,0.39891,-0.015813,-0.0045239,0.40803,0.0096567,0.41075,0,0,0,0,0,1,0,0,,,,,,,
3,0,2.8038,1,1.5027,0.49454,0.53622,-0.00067024,0.036186,-0.0078574,1.2207,0.48574,0.017735,0.005949,-0.0030632,1.4055,0.017889,0.034192,-0.0011913,0.40938,-0.0019085,0.0013987,0.46016,0.011218,0.40615,0.10275,0.15587,0.067678,0,0,0.6737,0,0,,,,,,,
3,0,2.8038,2,1.2217,0.43341,0.46195,-0.0020909,0.029493,0.00013397,1.031,0.44751,0.014744,-0.0059,-0.003163,1.131,0.013076,0.027982,-0.0023042,0.33347,-0.0028584,-0.0058339,0.35339,0.014257,0.32006,0.10275,0.15587,0.067678,0,0,0.6737,0,0,,,,,,,
3,0,2.8038,3,1.3622,0.46397,0.49909,-0.0013806,0.03284,-0.0038617,1.1258,0.46663,0.016239,2.45E-05,-0.0031131,1.2682,0.015482,0.031087,-0.0017478,0.37143,-0.0023834,-0.0022176,0.40677,0.012738,0.36311,0.10275,0.15587,0.067678,0,0,0.6737,0,0,,,,,,,
3,1,2.649,1,1.0165,0.05789,0.058046,-0.0092754,-0.01136,-0.0017305,1.0316,0.048382,0.034377,0.0061844,0.015443,1.0423,-0.026039,-0.0025197,-0.017478,0.47114,-0.019781,0.0014779,0.47747,-0.0098487,0.4707,1,0,0,0,0,0,0,0,,,,,,,
3,1,2.649,2,0.92214,0.099578,0.098108,-0.007876,-0.0089689,-0.0012948,0.93768,0.087212,0.028919,0.0046493,0.012382,0.95056,-0.021881,-0.0029541,-0.014687,0.40973,-0.016636,0.0014952,0.41193,-0.0085769,0.40616,1,0,0,0,0,0,0,0,,,,,,,
3,2,2.686,1,1.1164,0.42668,0.4412,-0.0015726,0.0025006,-0.0037902,1.0812,0.42812,-0.0029529,-0.00048864,-0.0057258,1.0905,-0.00054971,0.0035854,7.37E-05,0.32847,0.0011782,-0.0010267,0.32785,0.00078078,0.32068,0,1,0,0,0,0,0,0,,,,,,,
3,2,2.686,2,0.97749,0.38333,0.39983,-0.0027488,0.001947,-0.0033222,0.95114,0.38377,-0.0011893,0.00073207,-0.004778,0.95541,-0.00015898,0.0020209,8.38E-05,0.284,0.00097734,-0.0021236,0.27926,0.0024012,0.27581,0,1,0,0,0,0,0,0,,,,,,,
3,3,3.05,1,1.3778,0.29955,0.28909,0.0080273,0.074722,0.030152,0.98381,0.38745,0.080526,-0.045095,0.0036865,1.0582,0.062815,0.091228,-0.012923,0.43904,-0.0060515,-0.0053904,0.43781,0.057757,0.42725,0,0,1,0,0,0,0,0,,,,,,,
3,3,3.05,2,0.67011,0.31845,0.32107,-0.000514,0.031062,0.020514,0.53788,0.35202,0.024911,-0.015741,-0.0053835,0.55503,0.016287,0.023964,-0.0033008,0.14678,-0.0080718,-0.0126,0.13332,0.020966,0.12796,0,0,1,0,0,0,0,0,,,,,,,
3,6,3.124,1,1.6787,0.59643,0.65596,-2.28E-05,0.04736,-0.013551,1.3056,0.57565,0.013675,0.01253,-0.0059477,1.5686,0.024341,0.041142,0.0021786,0.4157,0.00051946,0.0026298,0.49038,0.012171,0.41397,0,0,0,0,0,1,0,0,,,,,,,
3,6,3.124,2,1.5757,0.57106,0.63971,0.0016619,0.046999,-0.012375,1.2614,0.55286,0.012058,0.01228,-0.004069,1.4765,0.023894,0.037683,0.0025062,0.38953,0.0014691,-0.0018079,0.45272,0.011393,0.38279,0,0,0,0,0,1,0,0,,,,,,,
11,0,2.7869,1,3.2899,1.417,1.4668,-0.015856,-0.0076222,0.0099891,2.9953,1.4039,0.0052194,0.0048974,0.0077678,3.2473,0.045327,4.49E-05,0.0028325,0.8002,0.0051892,0.0038647,0.90999,-0.006153,0.80335,0.262,0.1192,0,0.0144,0.021,0.5764,0,0.0069,,,,,,,
11,0,2.7869,2,1.2313,0.34282,0.3606,-0.0024686,-0.0041925,0.0094151,1.0281,0.34084,0.0028837,0.0016974,0.0016055,1.2014,0.020631,0.00012573,0.0021185,0.35347,0.0061075,0.0013733,0.43044,0.0088069,0.34729,0.262,0.1192,0,0.0144,0.021,0.5764,0,0.0069,,,,,,,
11,0,2.7869,3,2.2606,0.87989,0.91368,-0.0091623,-0.0059073,0.0097021,2.0117,0.87234,0.0040516,0.0032974,0.0046867,2.2243,0.032979,8.53E-05,0.0024755,0.57684,0.0056483,0.002619,0.67022,0.0013269,0.57532,0.262,0.1192,0,0.0144,0.021,0.5764,0,0.0069,,,,,,,
11,1,2.649,1,1.0131,0.056122,0.071164,-0.011121,-0.0085302,-0.0013812,1.033,0.047299,0.010717,0.006432,-0.0016551,1.0237,0.00466,0.001716,0.0052445,0.4652,0.006595,0.0061982,0.49147,-0.0085182,0.47292,1,0,0,0,0,0,0,0,,,,,,,
11,1,2.649,2,0.92386,0.096132,0.10725,-0.010395,-0.0069793,0.00013351,0.93739,0.089988,0.0090361,0.0048857,-0.0018814,0.93193,0.0053567,0.0017147,0.0039208,0.40221,0.0055737,0.0043771,0.42233,-0.0072338,0.40706,1,0,0,0,0,0,0,0,,,,,,,
11,2,2.686,1,1.0857,0.42664,0.42401,-0.0017186,-0.0023677,0.0013321,1.1264,0.44504,-0.015312,-0.0014097,0.0014451,1.0765,-0.0046504,5.75E-05,-0.00061791,0.33225,-0.00078578,-0.00051365,0.32659,0.0036962,0.31784,0,1,0,0,0,0,0,0,,,,,,,
11,2,2.686,2,0.95224,0.38716,0.37947,-0.0048488,-0.0013549,0.0012884,0.98467,0.40186,-0.011207,-0.0016921,0.00078112,0.94633,-0.0028431,-0.00014132,-0.00028762,0.28332,7.33E-05,0.00044783,0.28507,0.0060952,0.27212,0,1,0,0,0,0,0,0,,,,,,,
11,4,2.83,1,1.4736,0.32955,0.40636,0.00035625,0.0056338,0.012095,1.0459,0.34614,0.019823,0.0061156,-0.0047572,1.4084,0.014327,0.023364,0.0051164,0.35309,0.0040585,0.012232,0.51121,0.0048022,0.34174,0,0,0,1,0,0,0,0,,,,,,,
11,4,2.83,2,1.0473,0.26098,0.32605,-0.00034042,0.0043958,0.010258,0.75278,0.27324,0.010999,0.0043737,-0.0019182,0.98108,0.0066567,0.020389,0.0047049,0.23026,0.0035679,0.0060414,0.34008,0.0038325,0.22647,0,0,0,1,0,0,0,0,,,,,,,
11,6,3.124,1,1.75,0.58079,0.64514,0.0031851,-0.0035555,0.020147,1.2125,0.56923,0.011827,0.0012529,0.0061915,1.6562,0.04523,-0.0029958,0.0042045,0.38085,0.0072538,-0.00087247,0.53057,0.017373,0.37574,0,0,0,0,0,1,0,0,,,,,,,
11,6,3.124,2,1.6867,0.56302,0.63608,0.0045656,-0.0047452,0.019635,1.1871,0.55123,0.0081905,0.00095207,0.0040498,1.5864,0.043332,-0.0032282,0.004384,0.36246,0.0065335,-0.00029646,0.50123,0.016129,0.35441,0,0,0,0,0,1,0,0,,,,,,,
11,5,2.95,1,1.3242,0.59431,0.59747,0.016443,0.0033789,0.035268,1.1845,0.58598,0.016401,0.0065788,0.041418,1.5349,0.01187,0.009665,0.017094,0.36155,0.03045,0.0093733,0.39456,0.02281,0.34105,0,0,0,0,1,0,0,0,,,,,,,
11,5,2.95,2,1.0228,0.60793,0.58314,0.0099556,0.0023627,0.014988,0.96205,0.59114,0.0077778,0.0059268,0.018181,1.1596,0.0035001,0.0070303,0.00508,0.21019,0.022498,0.0078358,0.23352,0.017158,0.20047,0,0,0,0,1,0,0,0,,,,,,,
11,8,5.01,1,266.27,144.84,145.99,-2.1629,-0.46489,-0.33842,268.34,143.92,-0.46525,0.35245,0.53031,267.19,2.6281,0.11244,-0.19189,58.916,-0.19189,0.35245,60.99,-2.1629,59.841,0,0,0,0,0,0,0,1,,,,,,,
11,8,5.01,2,266.08,144.96,146.06,-2.1422,-0.46123,-0.34179,268.18,143.96,-0.49372,0.35261,0.53444,267.08,2.6359,0.10862,-0.19266,58.812,-0.19677,0.35481,60.882,-2.2093,59.709,0,0,0,0,0,0,0,1,,,,,,,
13,0,2.7944,1,1.4628,0.42844,0.44523,0.0049258,-0.015198,-0.0021847,1.1267,0.40726,0.011774,-0.0048835,0.004048,1.3711,-0.0076147,-0.012809,-0.0050586,0.39531,-0.006737,-0.00069353,0.48031,0.0072604,0.39973,0.23528,0.12255,0.086661,0,0.046299,0.50922,0,0,,,,,,,
13,0,2.7944,2,1.1162,0.38267,0.35662,0.015587,-0.010485,7.99E-05,0.90511,0.36861,0.0086846,-0.0018688,0.0065133,1.0784,-0.031013,-0.0059686,-0.0084735,0.29443,-0.0106,-5.76E-05,0.36106,0.0063082,0.29168,0.23528,0.12255,0.086661,0,0.046299,0.50922,0,0,,,,,,,
13,0,2.7944,3,1.2895,0.40555,0.40092,0.010256,-0.012841,-0.0010524,1.0159,0.38794,0.010229,-0.0033762,0.0052806,1.2248,-0.019314,-0.009389,-0.006766,0.34487,-0.0086687,-0.00037558,0.42068,0.0067843,0.3457,0.23528,0.12255,0.086661,0,0.046299,0.50922,0,0,,,,,,,
13,1,2.649,1,1.0188,0.061414,0.059854,-0.0018852,-0.00058927,-0.0054268,1.0372,0.034793,0.037535,0.0019653,0.011358,1.0508,-0.044011,-0.0057383,-0.0074425,0.45286,-0.008367,-0.00070279,0.48201,-0.0069993,0.47619,1,0,0,0,0,0,0,0,,,,,,,
13,1,2.649,2,0.9251,0.10268,0.099272,-0.00086716,-0.00082501,-0.0042716,0.94295,0.073982,0.031026,0.0012834,0.0091197,0.96022,-0.038294,-0.0045971,-0.0063274,0.39426,-0.0066349,-0.00060789,0.41645,-0.0071564,0.41041,1,0,0,0,0,0,0,0,,,,,,,
13,2,2.686,1,1.0758,0.43781,0.43019,-0.010532,-0.0016213,-0.00055717,1.0983,0.45013,-0.012817,0.0014523,0.0066114,1.0697,-0.011298,0.00044814,0.005493,0.34008,0.0029998,0.0007201,0.32774,-0.0021727,0.3313,0,1,0,0,0,0,0,0,,,,,,,
13,2,2.686,2,0.94451,0.39543,0.38665,-0.014493,-0.0012925,-0.00072396,0.9622,0.40486,-0.0084025,0.0013879,0.0052359,0.94029,-0.0074978,3.58E-05,0.0055329,0.29246,0.0023965,0.0011885,0.28318,0.0027594,0.28301,0,1,0,0,0,0,0,0,,,,,,,
13,3,3.05,1,1.4029,0.3236,0.2944,0.038611,-0.0093793,0.016235,0.66595,0.32593,-0.042886,0.001882,0.039639,1.4153,-0.18424,-0.012905,-0.028067,0.35963,-0.018931,-0.0048209,0.55985,-0.023323,0.35246,0,0,1,0,0,0,0,0,,,,,,,
13,3,3.05,2,0.66788,0.336,0.28754,0.032728,-0.0069096,0.0071426,0.48539,0.34198,-0.0064406,0.00039277,0.0085495,0.72866,-0.090559,0.0035103,-0.017991,0.13048,-0.014487,0.0037063,0.17921,-0.00068575,0.10876,0,0,1,0,0,0,0,0,,,,,,,
13,6,3.124,1,1.7778,0.59687,0.64086,0.0054998,-0.025567,0.00045195,1.2481,0.56851,0.013317,-0.010601,-8.52E-05,1.5706,0.039693,-0.02031,-0.0010752,0.39383,-0.0031357,0.00056003,0.51259,0.020461,0.39183,0,0,0,0,0,1,0,0,,,,,,,
13,6,3.124,2,1.7096,0.57755,0.62883,0.0074684,-0.027765,-0.00012111,1.2123,0.54824,0.0092266,-0.010158,0.00066992,1.4942,0.036419,-0.017774,-0.001849,0.37447,-0.0029496,0.0024253,0.47808,0.018998,0.36354,0,0,0,0,0,1,0,0,,,,,,,
13,5,2.95,1,1.3916,0.61236,0.57387,0.011087,-0.022217,-0.053495,1.1845,0.56528,0.031297,-0.0062337,-0.061043,1.5201,-0.002607,-0.0011552,-0.021619,0.33204,-0.041009,-0.01045,0.37135,0.016752,0.36752,0,0,0,0,1,0,0,0,,,,,,,
13,5,2.95,2,1.0687,0.6237,0.55085,0.0099151,-0.017517,-0.028157,0.96761,0.57324,0.017565,-0.0076046,-0.030253,1.1754,-0.011423,0.0073427,-0.0014771,0.19374,-0.025512,-0.0089679,0.21531,0.013504,0.21857,0,0,0,0,1,0,0,0,,,,,,,
14,0,2.9102,1,1.3483,0.26872,0.29481,0.0085303,-0.025201,-0.074649,0.9492,0.26691,-0.0022044,0.0068413,-0.022231,1.2808,-0.0088681,-0.019533,-0.0043256,0.37497,-0.02833,-0.0033236,0.50683,0.0027162,0.39546,0.31716,0.14036,0.16854,0.35821,0,0,0.015733,0,,,,,,,
14,0,2.9102,2,0.95191,0.26802,0.26037,0.015156,-0.035912,-0.069293,0.68665,0.26194,-0.0061491,0.011875,0.00099835,0.88178,-0.002884,-0.016606,0.0039485,0.21018,-0.026348,-0.001563,0.32825,0.0069264,0.22777,0.31716,0.14036,0.16854,0.35821,0,0,0.015733,0,,,,,,,
14,0,2.9102,3,1.1501,0.26837,0.27759,0.011843,-0.030557,-0.071971,0.81793,0.26442,-0.0041768,0.0093583,-0.010617,1.0813,-0.0058761,-0.018069,-0.00018857,0.29257,-0.027339,-0.0024433,0.41754,0.0048213,0.31161,0.31716,0.14036,0.16854,0.35821,0,0,0.015733,0,,,,,,,
14,1,2.649,1,1.0282,0.058169,0.057073,0.0013177,0.00046893,0.0054278,1.0248,0.059847,0.014837,0.0017349,-0.011035,1.0158,-0.021563,-0.0050906,0.005807,0.47585,0.005929,-3.08E-05,0.47347,-0.00199,0.48076,1,0,0,0,0,0,0,0,,,,,,,
14,1,2.649,2,0.93409,0.098207,0.098027,0.0017959,-0.00017012,0.0039792,0.93165,0.099673,0.01154,0.0018159,-0.0086746,0.92246,-0.018362,-0.0044245,0.0048584,0.41014,0.0050054,-0.00060596,0.40787,-0.0022516,0.41573,1,0,0,0,0,0,0,0,,,,,,,
14,2,2.686,1,1.0952,0.43487,0.44361,0.0042949,-0.0032843,-0.010211,1.0702,0.43155,0.0072417,-0.0015357,-0.0035723,1.0946,0.011115,-0.0038047,0.00021117,0.32647,0.0013583,-4.49E-05,0.33448,0.00044134,0.33008,0,1,0,0,0,0,0,0,,,,,,,
14,2,2.686,2,0.95779,0.39278,0.40095,0.005227,-0.0022311,-0.0094766,0.93966,0.38688,0.0056572,-0.003112,-0.0032513,0.96051,0.0087763,-0.0021174,0.0005486,0.28136,0.00028999,0.00073865,0.28712,-0.00021189,0.28374,0,1,0,0,0,0,0,0,,,,,,,
14,3,3.05,1,1.4846,0.29426,0.30629,0.018247,-0.069602,-0.17263,0.72724,0.26982,-0.054811,0.022932,-0.036677,1.4194,-0.033539,-0.050302,-0.00162,0.28242,-0.070918,-0.0089259,0.57967,-0.0047841,0.33628,0,0,1,0,0,0,0,0,,,,,,,
14,3,3.05,2,0.76848,0.32629,0.32244,0.019979,-0.060883,-0.075496,0.49961,0.3133,-0.011448,0.01134,-0.0014339,0.68922,-0.0035585,-0.0257,0.0023977,0.093611,-0.028388,-0.0032932,0.21133,0.01035,0.1114,0,0,1,0,0,0,0,0,,,,,,,
14,4,2.83,1,1.5953,0.34253,0.4074,0.012668,-0.036657,-0.12827,0.85084,0.34839,0.0037674,0.007343,-0.033531,1.4492,0.0053639,-0.024908,-0.016348,0.32269,-0.051313,-0.0050653,0.55045,0.011712,0.34918,0,0,0,1,0,0,0,0,,,,,,,
14,4,2.83,2,1.2405,0.29512,0.33119,0.017333,-0.057245,-0.10954,0.6709,0.28519,0.0031875,0.0011409,-0.014898,1.0191,0.0059444,-0.027312,-0.012763,0.22365,-0.036798,-0.0035642,0.38579,0.015256,0.23972,0,0,0,1,0,0,0,0,,,,,,,
14,7,3.81,1,2.9753,1.0766,1.0731,-0.0065948,-0.0017405,0.0067018,2.9628,1.0855,-0.0024312,0.00071509,-0.0023823,2.9664,0.009026,0.0010254,-0.0043195,0.95554,-0.0043195,0.00071509,0.9431,-0.0065948,0.94663,0,0,0,0,0,0,1,0,,,,,,,
14,7,3.81,2,2.9751,1.0767,1.0731,-0.0066391,-0.0017465,0.0066949,2.9627,1.0855,-0.0023931,0.00073745,-0.0023858,2.9663,0.0090322,0.001009,-0.0043091,0.9555,-0.0043126,0.00070646,0.94305,-0.0065429,0.94656,0,0,0,0,0,0,1,0,,,,,,,
15,0,2.9158,1,1.3732,0.32841,0.35071,-0.00021141,0.0021481,0.013676,1.14,0.32618,0.010796,-0.0031571,0.00084314,1.3766,-0.020266,-0.00016145,0.0043635,0.42629,0.0088621,-0.0039298,0.51198,-0.0028187,0.42732,0.35032,0.19008,0.044726,0.28084,0.0549,0,0.079134,0,,,,,,,
15,0,2.9158,2,0.98879,0.26705,0.26588,0.0019372,0.0034761,0.011526,0.81266,0.26384,0.0045896,-0.0042497,-0.0012635,0.99568,-0.01479,-0.00015669,0.0034376,0.27215,0.0098169,-0.0031148,0.36406,-0.001324,0.27198,0.35032,0.19008,0.044726,0.28084,0.0549,0,0.079134,0,,,,,,,
15,0,2.9158,3,1.181,0.29773,0.30829,0.0008629,0.0028121,0.012601,0.97633,0.29501,0.0076928,-0.0037034,-0.00021018,1.1861,-0.017528,-0.00015907,0.0039005,0.34922,0.0093395,-0.0035223,0.43802,-0.0020714,0.34965,0.35032,0.19008,0.044726,0.28084,0.0549,0,0.079134,0,,,,,,,
15,1,2.649,1,1.018,0.054409,0.06514,-0.0033678,-0.0016312,0.0018926,1.043,0.051771,0.033083,-0.00069381,-0.0042666,1.0153,-0.028775,-0.0057631,0.0016037,0.47138,0.0011326,-0.0056406,0.47764,-0.0027928,0.4773,1,0,0,0,0,0,0,0,,,,,,,
15,1,2.649,2,0.92454,0.094452,0.10555,-0.0036702,-0.0027608,0.0010093,0.9517,0.090121,0.028382,0.00081056,-0.0031208,0.92369,-0.02329,-0.0057424,0.0013503,0.40749,0.00072143,-0.0053564,0.41006,-0.0023122,0.4127,1,0,0,0,0,0,0,0,,,,,,,
15,2,2.686,1,1.0843,0.44411,0.42174,-0.00094339,-0.0030318,-0.0029908,1.1243,0.44,0.00083242,-0.003629,-0.004085,1.0597,-0.0016026,-0.0034206,0.0019163,0.33085,0.0025738,-0.0013841,0.32535,2.02E-05,0.33066,0,1,0,0,0,0,0,0,,,,,,,
15,2,2.686,2,0.95147,0.40331,0.37733,-0.0017736,-0.0021258,-0.0022705,0.9814,0.39734,0.0012096,-0.0041286,-0.0032516,0.93265,-0.00065268,-0.0025902,0.00077077,0.28381,0.0029219,-0.00059231,0.28227,0.0013939,0.28264,0,1,0,0,0,0,0,0,,,,,,,
15,3,3.05,1,1.4945,0.26838,0.30982,0.013018,0.0044876,0.043967,0.64167,0.23791,-0.026968,-0.010269,0.014707,1.6036,-0.045559,0.0021352,0.0090643,0.25459,0.031319,-0.011466,0.6303,-0.0065334,0.25922,0,0,1,0,0,0,0,0,,,,,,,
15,3,3.05,2,0.72441,0.31864,0.31275,0.008335,0.009611,0.012709,0.48933,0.30444,-0.0037579,-0.0074253,0.0009666,0.82329,-0.017297,0.0034247,0.0036101,0.084083,0.014446,-0.0021126,0.24634,0.00024946,0.085759,0,0,1,0,0,0,0,0,,,,,,,
15,4,2.83,1,1.5295,0.34124,0.41115,0.0032359,0.0090336,0.041305,0.8169,0.3379,2.14E-05,-0.0057547,0.011931,1.565,-0.02973,0.0086011,0.0084809,0.32565,0.021214,-0.0038697,0.56304,-0.0045126,0.32561,0,0,0,1,0,0,0,0,,,,,,,
15,4,2.83,2,1.1048,0.28601,0.32429,0.003118,0.01154,0.02877,0.65807,0.28516,0.00082139,-0.0032685,0.0047312,1.1518,-0.02372,0.011327,0.0052097,0.22133,0.015309,-0.0020472,0.39234,-0.0023185,0.22103,0,0,0,1,0,0,0,0,,,,,,,
15,7,3.81,1,2.9709,1.0792,1.0749,-0.00065831,-0.0021788,0.0010953,2.9707,1.0751,0.0017118,0.00021966,-0.0018099,2.9749,-0.0010535,0.0019591,0.00071467,0.94514,0.00071467,0.00021966,0.94493,-0.00065831,0.94917,0,0,0,0,0,0,1,0,,,,,,,
15,7,3.81,2,2.9707,1.0793,1.075,-0.00065173,-0.0021653,0.0010903,2.9705,1.0752,0.0016989,0.00021611,-0.0018032,2.9747,-0.0010472,0.0019492,0.00071289,0.945,0.0007076,0.00021567,0.9448,-0.00065539,0.94901,0,0,0,0,0,0,1,0,,,,,,,
15,5,2.95,1,1.4388,0.57735,0.60725,-0.0053037,0.013306,-0.0013006,1.2332,0.61556,0.0020535,-0.0030284,-0.013679,1.3269,0.010745,-0.002885,0.010814,0.37582,0.010221,-0.0019757,0.39562,-0.0042363,0.34811,0,0,0,0,1,0,0,0,,,,,,,
15,5,2.95,2,1.0898,0.58403,0.59636,-0.005172,0.011384,-0.00031785,0.9794,0.61505,0.0010942,-0.0029282,-0.007944,1.0159,0.0072247,-0.0033367,0.0074294,0.22224,0.0088059,-0.0016735,0.23338,-0.0035768,0.19964,0,0,0,0,1,0,0,0,,,,,,,
21,0,2.7288,1,1.1501,0.3197,0.34694,-0.0023815,-0.0042346,-0.0054621,1.0101,0.31017,0.008349,0.0010583,0.0021065,1.1679,-0.0072172,-0.00091175,-0.0011972,0.34668,-0.0047693,-0.0031899,0.39714,0.0026208,0.35197,0.23134,0.63816,0.078565,0.051936,0,0,0,0,,,,,,,
21,0,2.7288,2,0.91963,0.3008,0.31468,-0.0032406,-0.0027408,-0.0076264,0.81954,0.28681,0.0011263,0.00095377,0.0033804,0.94424,0.00061401,-0.0025927,9.64E-05,0.24287,-0.0053247,0.00042817,0.303,0.0046621,0.24907,0.23134,0.63816,0.078565,0.051936,0,0,0,0,,,,,,,
21,0,2.7288,3,1.0349,0.31025,0.33081,-0.0028111,-0.0034877,-0.0065443,0.91481,0.29849,0.0047376,0.001006,0.0027435,1.0561,-0.0033016,-0.0017522,-0.00055041,0.29477,-0.005047,-0.0013809,0.35007,0.0036414,0.30052,0.23134,0.63816,0.078565,0.051936,0,0,0,0,,,,,,,
21,1,2.649,1,1.0381,0.044974,0.054955,-0.0011827,-0.021829,-0.0064473,1.0662,0.02707,0.029227,-0.0060715,0.0081882,1.0607,-0.028437,0.0034374,-0.0055532,0.44639,-0.0078848,-0.021033,0.47417,-0.0014227,0.46144,1,0,0,0,0,0,0,0,,,,,,,
21,1,2.649,2,0.93863,0.089423,0.098195,-0.0007234,-0.020205,-0.0053211,0.96794,0.067717,0.024681,-0.0016063,0.0046078,0.964,-0.023921,-0.001701,-0.0028389,0.38921,-0.0062656,-0.018148,0.41132,-0.00033331,0.40115,1,0,0,0,0,0,0,0,,,,,,,
21,2,2.686,1,1.1273,0.42238,0.45468,-0.0027114,0.0019741,0.0032175,1.0361,0.4203,-0.0019962,0.0033187,0.00015468,1.1218,-0.010298,-0.0012119,0.0010787,0.32357,-0.00026705,0.0025873,0.33053,0.0010126,0.32425,0,1,0,0,0,0,0,0,,,,,,,
21,2,2.686,2,0.98504,0.37878,0.41841,-0.0047929,0.0023885,0.0025904,0.91687,0.37625,-0.00072402,0.0016452,-0.00038432,0.98119,-0.0078359,-0.00035956,0.001777,0.28179,-0.00023501,0.0036291,0.27837,0.0032496,0.2819,0,1,0,0,0,0,0,0,,,,,,,
21,3,3.05,1,1.5777,0.26084,0.30364,0.0011948,-0.0059058,-0.071981,0.54735,0.20989,0.0036784,0.0042773,-0.0083016,1.6982,0.05302,-0.0037955,-0.0076001,0.20376,-0.036473,0.0024953,0.66679,0.020215,0.23183,0,0,1,0,0,0,0,0,,,,,,,
21,3,3.05,2,0.79372,0.32357,0.27968,-0.0022211,-0.011089,-0.02712,0.47836,0.28844,-0.0021288,0.003308,0.00054541,0.97782,0.027229,-0.012029,0.00040363,0.076602,-0.017513,0.00020592,0.29339,0.010015,0.082826,0,0,1,0,0,0,0,0,,,,,,,
21,4,2.83,1,1.2827,0.37082,0.3892,-0.009077,0.00037686,-0.0070985,1.1401,0.36974,0.049534,0.00017305,0.014744,1.4096,0.034036,-0.012233,-7.42E-05,0.40257,0.001746,-0.0032966,0.46458,0.013778,0.3866,0,0,0,1,0,0,0,0,,,,,,,
21,4,2.83,2,0.87255,0.28909,0.30239,-0.0067471,0.00049397,-0.0048678,0.79882,0.29203,0.026262,0.00047064,0.0083167,0.98107,0.019422,-0.0085219,1.56E-05,0.25832,0.00047761,-0.0017619,0.29901,0.0064799,0.25055,0,0,0,1,0,0,0,0,,,,,,,
22,0,2.7657,1,1.2067,0.22851,0.26423,0.0032752,-0.0030561,0.0056682,0.96336,0.21923,0.0029966,0.0013338,0.013451,1.2055,0.023463,-0.00044845,-0.0054843,0.34899,-0.0030707,0.00048249,0.4691,0.010074,0.35996,0.40332,0.34751,0.19542,0.053748,0,0,0,0,,,,,,,
22,0,2.7657,2,0.91696,0.247,0.24156,-0.0008025,-0.003328,0.0017081,0.74299,0.22792,-0.012491,0.0030372,0.0060209,0.93329,0.031292,-0.0019773,-0.0025232,0.19121,-0.0019743,8.04E-06,0.33888,0.015404,0.19612,0.40332,0.34751,0.19542,0.053748,0,0,0,0,,,,,,,
22,0,2.7657,3,1.0618,0.23776,0.2529,0.0012363,-0.0031921,0.0036882,0.85317,0.22358,-0.004747,0.0021855,0.0097359,1.0694,0.027378,-0.0012129,-0.0040038,0.2701,-0.0025225,0.00024527,0.40399,0.012739,0.27804,0.40332,0.34751,0.19542,0.053748,0,0,0,0,,,,,,,
22,1,2.649,1,1.0405,0.042808,0.0648,-0.00052328,-0.0023103,0.0068414,1.0686,0.033456,3.59E-05,-0.00048391,0.020737,1.0277,-0.013196,0.0042603,-0.01505,0.4466,-0.0073867,0.00041275,0.47996,-0.0088924,0.46951,1,0,0,0,0,0,0,0,,,,,,,
22,1,2.649,2,0.94548,0.084864,0.10468,0.00064013,-0.0017193,0.0068504,0.97107,0.076855,-0.0020127,-0.0024937,0.02067,0.9316,-0.010853,0.005371,-0.015104,0.38625,-0.00453,-0.00017586,0.41294,-0.0097547,0.40945,1,0,0,0,0,0,0,0,,,,,,,
22,2,2.686,1,1.13,0.42907,0.45225,0.0032504,-0.00014862,0.0075277,1.0431,0.4237,0.0015834,0.0029022,0.0092442,1.0969,0.0016568,0.00032596,0.0031614,0.32508,0.00060029,0.001825,0.33347,0.0020448,0.32747,0,1,0,0,0,0,0,0,,,,,,,
22,2,2.686,2,0.98797,0.38631,0.41294,0.0032005,-0.00052052,0.0064778,0.92104,0.37915,0.0010971,0.0030001,0.0072981,0.96063,0.0015849,-0.00015772,0.0036695,0.28211,-6.34E-05,0.0007787,0.28203,0.0017883,0.28357,0,1,0,0,0,0,0,0,,,,,,,
22,3,3.05,1,1.6811,0.21489,0.30778,0.010024,-0.0039651,-0.0061153,0.53647,0.19064,0.00076537,0.0030726,0.0030844,1.7278,0.12713,-0.0028022,-0.0023409,0.16425,-0.0041058,0.0018588,0.69593,0.055335,0.18112,0,0,1,0,0,0,0,0,,,,,,,
22,3,3.05,2,0.93071,0.30096,0.26323,-0.0037678,-0.010389,-0.0038657,0.48246,0.26942,-0.0071697,0.0037054,0.0011412,1.1155,0.07157,-0.01033,-0.0021586,0.075632,-0.0034002,-5.87E-05,0.3619,0.030894,0.07515,0,0,1,0,0,0,0,0,,,,,,,
22,4,2.83,1,1.2246,0.37488,0.38685,0.007399,-0.024146,0.027685,1.2103,0.39528,0.042463,-0.0014896,0.023665,1.3431,0.062636,-0.032232,-0.0010365,0.44279,0.0093444,-0.012678,0.43988,0.039745,0.39834,0,0,0,1,0,0,0,0,,,,,,,
22,4,2.83,2,0.84167,0.29452,0.30251,0.0062822,-0.012907,0.015848,0.83351,0.30997,0.02275,-7.01E-05,0.012448,0.92724,0.041081,-0.023127,-0.0042126,0.28746,0.0033037,-0.0075209,0.28303,0.023976,0.2588,0,0,0,1,0,0,0,0,,,,,,,
27,0,2.8023,1,1.2466,0.20665,0.22909,-0.0016085,0.0135,-0.040965,0.97259,0.19723,0.0080852,-0.012485,0.00095944,1.2353,0.026088,0.01831,-0.0064515,0.39193,-0.017885,-0.0079166,0.49893,0.0058752,0.40461,0.53837,0.13634,0.13497,0.13834,0.037183,0,0.014807,0,,,,,,,
27,0,2.8023,2,0.94349,0.22124,0.19956,-0.0057062,0.023495,-0.0413,0.74208,0.21208,-0.005142,-0.025102,0.0092142,0.93631,0.029175,0.023736,0.0025225,0.22563,-0.018043,-0.0082771,0.36624,0.010211,0.2332,0.53837,0.13634,0.13497,0.13834,0.037183,0,0.014807,0,,,,,,,
27,0,2.8023,3,1.095,0.21394,0.21432,-0.0036573,0.018497,-0.041132,0.85734,0.20466,0.0014716,-0.018793,0.0050868,1.0858,0.027631,0.021023,-0.0019645,0.30878,-0.017964,-0.0080968,0.43259,0.0080429,0.3189,0.53837,0.13634,0.13497,0.13834,0.037183,0,0.014807,0,,,,,,,
27,1,2.649,1,1.0106,0.065313,0.057774,-0.00783,-0.0049935,-0.013075,1.0307,0.051141,0.0047932,-0.006218,0.013818,1.0292,-0.0033786,0.0076903,-0.0056301,0.47311,-0.0086192,-0.0083715,0.4715,-0.011754,0.48461,1,0,0,0,0,0,0,0,,,,,,,
27,1,2.649,2,0.91768,0.10389,0.099626,-0.0061251,-0.0038071,-0.010975,0.93927,0.090692,0.0034603,-0.0055879,0.011462,0.93473,-0.0032399,0.0062569,-0.0048856,0.40825,-0.0077745,-0.0072917,0.40625,-0.011198,0.41843,1,0,0,0,0,0,0,0,,,,,,,
27,2,2.686,1,1.103,0.43625,0.43247,0.0044954,-0.0051383,-0.0066915,1.0805,0.42832,-0.016188,-0.0035058,-0.013796,1.1024,0.005517,0.00077147,-0.010789,0.32307,-0.0066513,-0.0020433,0.32574,0.0061828,0.32923,0,1,0,0,0,0,0,0,,,,,,,
27,2,2.686,2,0.96722,0.39345,0.38908,0.0025982,-0.0036437,-0.0062826,0.94779,0.38577,-0.012998,-0.004879,-0.011309,0.96781,0.0058317,0.001386,-0.010034,0.27927,-0.0054724,-2.14E-05,0.27905,0.0073031,0.28286,0,1,0,0,0,0,0,0,,,,,,,
27,3,3.05,1,1.5994,0.25212,0.30478,0.00040971,0.062903,-0.13514,0.57654,0.23533,0.008943,-0.046988,-0.017357,1.6116,0.11494,0.059751,-0.0029609,0.22454,-0.054033,-0.02213,0.65285,0.041245,0.24284,0,0,1,0,0,0,0,0,,,,,,,
27,3,3.05,2,0.86521,0.30838,0.30762,-0.0085141,0.079516,-0.053928,0.48377,0.29611,-0.00091944,-0.031124,-0.00023308,0.88555,0.04566,0.075335,0.0071262,0.084626,-0.020826,-0.0060666,0.30507,0.014156,0.088633,0,0,1,0,0,0,0,0,,,,,,,
27,4,2.83,1,1.6516,0.32275,0.41228,0.014521,0.058526,-0.086565,0.81313,0.34071,0.044646,-0.015044,-0.02045,1.4758,0.084801,0.041062,-0.0058957,0.30727,-0.028115,0.00026768,0.56828,0.042212,0.32418,0,0,0,1,0,0,0,0,,,,,,,
27,4,2.83,2,1.3199,0.28014,0.34096,0.0021898,0.082974,-0.069405,0.65864,0.28554,0.018288,-0.008863,-0.0083423,1.0618,0.050232,0.044901,-0.0013933,0.21726,-0.018884,-0.0017225,0.41226,0.027824,0.22444,0,0,0,1,0,0,0,0,,,,,,,
27,7,3.81,1,2.9689,1.079,1.0771,-1.07E-05,0.00083439,0.00018714,2.9696,1.0765,0.0015539,-0.00023973,0.00015612,2.9714,-0.0015432,-0.00059467,-0.00034326,0.94648,-0.00034326,-0.00023973,0.94714,-1.07E-05,0.94897,0,0,0,0,0,0,1,0,,,,,,,
27,7,3.81,2,2.9687,1.0791,1.0772,-9.48E-06,0.00082879,0.00018643,2.9694,1.0766,0.0015439,-0.00023783,0.00015538,2.9712,-0.0015344,-0.00059097,-0.00034181,0.94633,-0.00034098,-0.00023839,0.94698,-1.04E-05,0.9488,0,0,0,0,0,0,1,0,,,,,,,
27,5,2.95,1,1.7153,0.46675,0.66969,-0.0018833,0.007795,-0.075332,0.97048,0.44273,0.0082133,-0.0062561,0.015344,1.755,-0.0018341,0.0088402,-0.019608,0.17048,-0.030943,-0.0047779,0.53584,-0.0012431,0.19226,0,0,0,0,1,0,0,0,,,,,,,
27,5,2.95,2,1.4328,0.5218,0.61229,-0.0035598,0.020321,-0.056386,0.92385,0.4877,0.0039212,-0.012411,0.013194,1.5305,-0.0052512,0.026433,-0.01179,0.12977,-0.02699,-0.0010401,0.44509,-0.0028011,0.1383,0,0,0,0,1,0,0,0,,,,,,,
7,0,2.9437,1,1.3218,0.35271,0.39227,0.007722,0.001864,0.0052311,1.1805,0.36056,0.0079008,-0.0010574,-0.0056128,1.3087,0.0095939,0.0048801,-0.00048025,0.40721,0.0012413,-0.0014652,0.45995,0.010554,0.40293,0.2533,0.39776,0.090109,0.033876,0.015738,0.058051,0,0,0.038521,0,0,0,0,0.11062,0.0020311
7,0,2.9437,2,0.99609,0.30522,0.31295,0.0025102,0.00041781,0.0086051,0.8894,0.3162,-0.0065783,0.0017516,-0.0059647,0.97966,0.016773,0.0019553,-0.0010735,0.25843,0.0028695,-8.48E-05,0.33624,0.013294,0.2558,0.2533,0.39776,0.090109,0.033876,0.015738,0.058051,0,0,0.038521,0,0,0,0,0.11062,0.0020311
7,0,2.9437,3,1.159,0.32897,0.35261,0.0051161,0.0011409,0.0069181,1.0349,0.33838,0.00066122,0.00034709,-0.0057887,1.1442,0.013183,0.0034177,-0.00077687,0.33282,0.0020554,-0.000775,0.39809,0.011924,0.32936,0.2533,0.39776,0.090109,0.033876,0.015738,0.058051,0,0,0.038521,0,0,0,0,0.11062,0.0020311
7,1,2.649,1,1.0092,0.061898,0.058871,-0.00017818,0.00092039,-0.002815,1.0357,0.049716,0.032795,-0.011505,-0.0027476,1.0331,-0.033247,0.011549,0.0019306,0.47399,-0.0002907,-0.010914,0.47251,-0.00056361,0.47898,1,0,0,0,0,0,0,0,0,0,0,0,0,0,0
7,1,2.649,2,0.91439,0.10286,0.10016,-0.00034469,0.0010418,-0.0030975,0.94378,0.087451,0.028344,-0.010546,-0.0024554,0.94095,-0.028341,0.01035,0.0020687,0.41189,-0.0018869,-0.0093861,0.40663,-0.00070741,0.41335,1,0,0,0,0,0,0,0,0,0,0,0,0,0,0
7,2,2.686,1,1.0813,0.43422,0.42899,-0.00063141,-0.00035632,0.0022143,1.1146,0.43531,-0.0023599,0.0038504,-0.008293,1.087,-0.0063609,0.0053153,-0.00034348,0.32664,0.00029513,0.0027111,0.32746,0.0010311,0.32542,0,1,0,0,0,0,0,0,0,0,0,0,0,0,0
7,2,2.686,2,0.94899,0.39003,0.38632,-0.00033024,-0.00067854,0.0018458,0.97717,0.39366,-0.0025163,0.0046136,-0.0071035,0.95163,-0.0053106,0.003765,-0.00063711,0.28057,0.00067086,0.0014037,0.28152,0.0011603,0.27991,0,1,0,0,0,0,0,0,0,0,0,0,0,0,0
7,9,2.56,1,1.0137,0.38311,0.37497,-0.0053686,-0.0012011,0.0027919,1.0785,0.3894,0.014463,0.00061708,-0.011355,1.0019,-0.016052,-0.0069551,-0.0089544,0.32987,-0.004406,0.0028361,0.32139,0.0052584,0.31924,0,0,0,0,0,0,0,0,1,0,0,0,0,0,0
7,9,2.56,2,0.81764,0.34354,0.34539,-0.004746,0.00031779,0.0025093,0.85893,0.35817,0.0073838,0.0021578,-0.0077983,0.81738,-0.01286,-0.0045463,-0.0040801,0.23752,-0.0026908,0.0011606,0.24102,0.0023151,0.23717,0,0,0,0,0,0,0,0,1,0,0,0,0,0,0
7,4,2.83,1,1.652,0.30589,0.41891,0.023942,0.0060152,0.023434,0.78973,0.34108,0.018231,-0.00037787,0.0015438,1.5185,0.12964,0.0029937,0.0044237,0.31236,0.010161,0.0035447,0.58101,0.058084,0.29652,0,0,0,1,0,0,0,0,0,0,0,0,0,0,0
7,4,2.83,2,1.2971,0.26628,0.34611,0.01771,0.013585,0.021032,0.64882,0.29002,0.0081002,0.00027777,0.00041601,1.1258,0.092541,0.0055952,0.0040396,0.22371,0.0085291,0.0023426,0.42634,0.04447,0.21173,0,0,0,1,0,0,0,0,0,0,0,0,0,0,0
7,5,2.95,1,1.5987,0.54397,0.6206,0.029469,-0.0077609,0.011188,1.0727,0.5508,0.03655,0.0041027,0.0083838,1.497,0.095973,-0.0084568,-0.0011047,0.29115,0.0015252,0.0023773,0.44579,0.052538,0.29783,0,0,0,0,1,0,0,0,0,0,0,0,0,0,0
7,5,2.95,2,1.2298,0.57443,0.57828,0.0052439,-0.0064554,0.0058644,0.92925,0.58747,0.0080884,0.0046914,0.0035856,1.1512,0.051047,-0.0083303,-0.0036443,0.17414,0.00048185,0.0011313,0.28519,0.038533,0.17807,0,0,0,0,1,0,0,0,0,0,0,0,0,0,0
7,3,3.05,1,1.6316,0.2226,0.30627,0.015262,-0.0074204,0.046725,0.63435,0.24692,-0.0078015,0.0024167,0.0028766,1.5545,0.11675,-0.010043,0.0020044,0.23477,0.018959,-0.0025266,0.64124,0.05607,0.22778,0,0,1,0,0,0,0,0,0,0,0,0,0,0,0
7,3,3.05,2,0.87445,0.29317,0.30505,0.0048632,0.0009284,0.02081,0.49168,0.30627,-0.0068605,-2.52E-05,-0.0018527,0.80514,0.047703,-0.0062593,-0.0015607,0.08531,0.0076188,0.00059713,0.26297,0.025631,0.081261,0,0,1,0,0,0,0,0,0,0,0,0,0,0,0
7,14,3.343,1,2.3973,0.65787,0.89627,0.046802,-0.001116,0.0031794,2.2215,0.73295,-0.0094917,-0.011538,-0.0092479,2.409,0.043711,-0.0023904,0.00090289,0.73524,0.0023833,-0.0069517,0.75116,0.013481,0.68669,0,0,0,0,0,0,0,0,0,0,0,0,0,1,0
7,14,3.343,2,2.2743,0.6261,0.85537,0.044904,-0.001456,0.0029991,2.1045,0.69169,-0.010333,-0.010173,-0.0084931,2.2926,0.045009,-0.0031719,0.00097586,0.69507,0.0014688,-0.0066152,0.71228,0.013089,0.64719,0,0,0,0,0,0,0,0,0,0,0,0,0,1,0
7,6,3.124,1,1.6448,0.60261,0.66672,0.0060943,0.044628,-0.0097753,1.3754,0.57737,0.0061287,0.021226,-0.010516,1.4954,0.00038443,0.022791,-0.014964,0.41632,-0.016321,0.015077,0.47453,0.012469,0.44785,0,0,0,0,0,1,0,0,0,0,0,0,0,0,0
7,6,3.124,2,1.5382,0.5782,0.6401,0.0049401,0.04309,-0.0050138,1.3164,0.55156,0.0053424,0.019892,-0.0046385,1.3952,0.00061699,0.019004,-0.01501,0.39017,-0.014046,0.010123,0.43533,0.011866,0.41403,0,0,0,0,0,1,0,0,0,0,0,0,0,0,0
7,15,4.26,1,4.0552,1.388,1.4148,0.021652,-0.030188,-0.0042903,3.3846,1.3558,0.088524,0.037399,0.0045402,3.8029,-0.057478,-0.0066534,-0.01575,1.3286,-0.012564,0.037284,1.2376,0.01082,1.3024,0,0,0,0,0,0,0,0,0,0,0,0,0,0,1
7,15,4.26,2,3.6683,1.5046,1.3484,0.0048497,-0.040516,-0.0058596,3.0044,1.5377,0.083664,0.032396,0.0067927,3.3815,-0.062355,-0.0019104,-0.013061,1.0207,-0.014689,0.046216,1.0632,0.020633,1.0576,0,0,0,0,0,0,0,0,0,0,0,0,0,0,1
9,0,2.9137,1,1.3904,0.22412,0.27371,-0.0018482,-0.010058,0.031344,0.90499,0.23853,0.011451,-0.00063433,0.0026107,1.2908,-0.0050594,-0.0028554,0.0042422,0.3676,0.012252,-0.0038614,0.52896,0.00038594,0.37378,0.37279,0.042579,0.16042,0.40667,0,0,0.00041156,0,0.0086427,0,0,0,0.0084884,,
9,0,2.9137,2,1.021,0.22157,0.23013,-0.0024207,-0.018008,0.030053,0.67635,0.24732,0.00090387,0.0058811,-0.0040152,0.89684,0.0032064,-0.0041367,-0.001918,0.20332,0.0090311,0.00016032,0.35243,0.004085,0.20406,0.37279,0.042579,0.16042,0.40667,0,0,0.00041156,0,0.0086427,0,0,0,0.0084884,,
9,0,2.9137,3,1.2057,0.22285,0.25192,-0.0021345,-0.014033,0.030699,0.79067,0.24292,0.0061774,0.0026234,-0.00070226,1.0938,-0.0009265,-0.003496,0.0011621,0.28546,0.010642,-0.0018506,0.44069,0.0022355,0.28892,0.37279,0.042579,0.16042,0.40667,0,0,0.00041156,0,0.0086427,0,0,0,0.0084884,,
9,1,2.649,1,1.0209,0.055211,0.062367,-0.0046453,0.0022006,0.00050091,1.0272,0.059241,0.022623,-0.010706,-0.0074325,1.0172,-0.019952,0.010403,0.004757,0.47827,0.0034271,-0.0095452,0.47947,-0.0058528,0.47407,1,0,0,0,0,0,0,0,0,0,0,0,0,,
9,1,2.649,2,0.92647,0.096503,0.10255,-0.0036169,0.0027442,-4.83E-05,0.93392,0.098059,0.018904,-0.0096357,-0.0063544,0.92526,-0.017079,0.0087064,0.0043153,0.41322,0.0021362,-0.0082321,0.41314,-0.0048226,0.40954,1,0,0,0,0,0,0,0,0,0,0,0,0,,
9,2,2.686,1,1.0775,0.43672,0.43038,-0.0076593,-0.0063786,0.002949,1.0984,0.43491,-0.012316,-0.00037644,0.026173,1.1,0.0013302,0.00022576,0.0097424,0.32419,0.00083781,0.00038464,0.32913,-0.0039688,0.32969,0,1,0,0,0,0,0,0,0,0,0,0,0,,
9,2,2.686,2,0.94841,0.39072,0.38741,-0.0061621,-0.0071069,0.0021021,0.96489,0.39467,-0.010267,0.00041323,0.020584,0.9627,0.00047751,0.0006688,0.011528,0.27639,-0.0016784,0.00011308,0.28341,-0.0038124,0.28479,0,1,0,0,0,0,0,0,0,0,0,0,0,,
9,9,2.56,1,1.0434,0.37314,0.42278,-0.025031,0.0037761,0.00010577,0.97204,0.37985,-0.019069,0.016646,-0.00093271,1.022,-0.01211,0.012946,0.0071636,0.32877,0.010927,0.013132,0.34242,-0.011004,0.32758,0,0,0,0,0,0,0,0,1,0,0,0,0,,
9,9,2.56,2,0.83195,0.34393,0.3761,-0.014047,5.22E-06,-0.0029051,0.79165,0.3539,-0.012339,0.013858,-0.0021529,0.82466,-0.0046978,0.0070614,0.007977,0.24501,0.00738,0.0075689,0.25506,-0.0079208,0.24308,0,0,0,0,0,0,0,0,1,0,0,0,0,,
9,4,2.83,1,1.6351,0.3271,0.41097,-0.00068232,-0.012176,0.048618,0.8272,0.34341,0.0033715,0.0026991,0.0092447,1.4667,-0.014399,-0.0080329,0.0061549,0.31525,0.018823,-0.00053351,0.56054,-0.0039118,0.32968,0,0,0,1,0,0,0,0,0,0,0,0,0,,
9,4,2.83,2,1.2597,0.28091,0.32911,-0.0010516,-0.018548,0.040502,0.66047,0.2835,0.0016332,0.00097523,0.0036431,1.0348,-0.010339,-0.009808,0.0045225,0.21734,0.013479,-3.42E-05,0.38986,-0.0033794,0.22225,0,0,0,1,0,0,0,0,0,0,0,0,0,,
9,7,3.81,1,2.9898,1.0673,1.0679,-0.00018717,-0.005237,0.00053032,2.9678,1.0899,0.0064927,0.0024016,0.00040075,2.9672,-0.0063055,0.0028355,-0.00093106,0.95992,-0.00093106,0.0024016,0.93789,-0.00018717,0.93726,0,0,0,0,0,0,1,0,0,0,0,0,0,,
9,7,3.81,2,2.9898,1.0673,1.0679,-0.00018717,-0.005237,0.00053032,2.9678,1.0899,0.0064927,0.0024016,0.00040075,2.9672,-0.0063055,0.0028355,-0.00093106,0.95992,-0.00093106,0.0024016,0.93789,-0.00018717,0.93726,0,0,0,0,0,0,1,0,0,0,0,0,0,,
9,3,3.05,1,1.6592,0.22355,0.30276,0.0045627,-0.035338,0.070607,0.66549,0.26281,0.014413,0.013429,0.0028401,1.4691,0.051594,-0.022627,-0.0032315,0.24243,0.019837,-0.0012022,0.62197,0.027747,0.25273,0,0,1,0,0,0,0,0,0,0,0,0,0,,
9,3,3.05,2,0.92297,0.28928,0.30329,-0.0015051,-0.041895,0.035009,0.49526,0.31485,0.00085562,0.0079289,-0.0030549,0.72077,0.015605,-0.012592,-0.004332,0.08338,0.0065964,0.00079252,0.23531,0.0089211,0.083649,0,0,1,0,0,0,0,0,0,0,0,0,0,,
9,13,4.6,1,2.6563,1.4608,1.4539,-0.0033517,-0.0019172,-0.0079609,2.6515,1.4587,0.0024375,-0.0028381,0.0070405,2.6584,0.00091419,0.0047553,0.00092039,0.6087,0.00092039,-0.0028381,0.60393,-0.0033517,0.61077,0,0,0,0,0,0,0,0,0,0,0,0,1,,
9,13,4.6,2,2.6536,1.4621,1.4553,-0.0033804,-0.0019222,-0.0081093,2.6488,1.4601,0.0024301,-0.0028986,0.0071656,2.6555,0.00095032,0.0048208,0.00094369,0.60675,0.00096647,-0.0029195,0.60187,-0.0034641,0.609,0,0,0,0,0,0,0,0,0,0,0,0,1,,
17,0,2.9027,1,1.2869,0.29678,0.32725,-0.010017,-0.0024482,0.020287,1.0378,0.31554,-0.0024905,-0.0053121,0.0082063,1.2578,-0.050189,-0.00081206,0.0032922,0.41362,0.0091945,-0.0068523,0.47421,-0.020055,0.39805,0.34936,0.1112,0,0.34689,0.06442,0,0.014303,0,0.08471,0.015925,0.011462,0.0017325,,,
17,0,2.9027,2,0.96757,0.25153,0.26337,-0.0069417,-0.0037883,0.016166,0.79737,0.26379,-0.0014606,-0.001495,0.0026069,0.94961,-0.036972,-0.0025019,0.0025369,0.28907,0.0092707,-0.0039536,0.34609,-0.016904,0.28146,0.34936,0.1112,0,0.34689,0.06442,0,0.014303,0,0.08471,0.015925,0.011462,0.0017325,,,
17,0,2.9027,3,1.1272,0.27416,0.29531,-0.0084794,-0.0031183,0.018227,0.91761,0.28967,-0.0019755,-0.0034035,0.0054066,1.1037,-0.04358,-0.001657,0.0029146,0.35135,0.0092326,-0.005403,0.41015,-0.018479,0.33975,0.34936,0.1112,0,0.34689,0.06442,0,0.014303,0,0.08471,0.015925,0.011462,0.0017325,,,
17,1,2.649,1,1.0101,0.055812,0.065245,-0.003083,0.0075454,-0.0060156,1.0062,0.092552,0.029169,-0.013801,0.0039667,0.97551,-0.024252,0.01075,-0.0022084,0.5161,-0.0048121,-0.011052,0.47448,-0.0019616,0.47803,1,0,0,0,0,0,0,0,0,0,0,0,,,
17,1,2.649,2,0.91605,0.096193,0.10623,-0.0027167,0.0061464,-0.0064255,0.92102,0.12354,0.02556,-0.011244,0.0028052,0.89132,-0.020261,0.0090514,-0.00042655,0.44933,-0.004802,-0.0081219,0.4076,-0.0010369,0.41312,1,0,0,0,0,0,0,0,0,0,0,0,,,
17,2,2.686,1,1.0751,0.44111,0.42729,-0.0039451,0.0076704,-0.00030043,1.1176,0.43791,-0.0026185,0.0079179,0.0016379,1.0747,-0.0012831,0.01019,-0.0013742,0.32916,-0.0017273,0.0024409,0.32732,-0.0022665,0.33083,0,1,0,0,0,0,0,0,0,0,0,0,,,
17,2,2.686,2,0.94381,0.39936,0.38264,-0.0031671,0.0058134,-0.00036605,0.97641,0.3961,-0.0024248,0.0080235,0.00099977,0.9442,-0.0014483,0.0087967,-0.0008809,0.28287,-0.0015974,0.0020651,0.2841,-0.0024379,0.28209,0,1,0,0,0,0,0,0,0,0,0,0,,,
17,9,2.56,1,1.0254,0.37464,0.38942,-0.01257,-0.0057034,-0.0050354,1.0095,0.39908,0.0022765,-0.0049595,0.0004909,1.0279,-0.0062117,-0.003599,-0.0057343,0.33563,-0.004184,-0.0026378,0.32376,0.0044557,0.32675,0,0,0,0,0,0,0,0,1,0,0,0,,,
17,9,2.56,2,0.82312,0.3421,0.35476,-0.011468,-0.0037399,-0.0029661,0.81313,0.36423,-0.0033115,-0.0040471,-0.00064674,0.82952,-0.007607,-0.0020053,-0.0032508,0.24823,-0.0011529,-0.00073094,0.24002,0.0016542,0.24081,0,0,0,0,0,0,0,0,1,0,0,0,,,
17,4,2.83,1,1.5272,0.33985,0.4105,-0.018838,-0.0095225,0.06312,0.86729,0.35536,-0.036773,-0.0021877,0.018262,1.4862,-0.11295,-0.0081256,0.011497,0.34639,0.030549,-0.0061736,0.54692,-0.053064,0.33638,0,0,0,1,0,0,0,0,0,0,0,0,,,
17,4,2.83,2,1.1109,0.28472,0.33215,-0.014417,-0.019643,0.047353,0.67585,0.29749,-0.016573,-0.0056673,0.0079395,1.0778,-0.080958,-0.018253,0.010654,0.23774,0.024546,-0.0053764,0.38239,-0.03972,0.23064,0,0,0,1,0,0,0,0,0,0,0,0,,,
17,10,2.712,1,1.3129,0.50798,0.52245,-0.0021446,-0.012588,-0.005753,1.1783,0.50622,-0.023958,0.0020063,0.0022417,1.2775,-0.021354,-0.028151,0.0060937,0.35078,0.0064555,-0.0034212,0.38814,-0.0087945,0.35773,0,0,0,0,0,0,0,0,0,1,0,0,,,
17,10,2.712,2,1.1282,0.51738,0.54841,-0.0093686,-0.013787,-0.0034555,1.0114,0.51172,-0.01758,-0.0052879,0.00081809,1.0967,-0.019149,-0.024514,0.005727,0.26198,0.0054297,-0.00075775,0.28274,-0.0047849,0.26388,0,0,0,0,0,0,0,0,0,1,0,0,,,
17,11,5.15,1,2.6674,1.4491,1.4545,-0.0027145,-0.0048408,-0.0038238,2.6625,1.4593,-0.0011445,-0.0021907,0.0020776,2.6572,0.0038589,0.0070315,0.0017462,0.60933,0.0017462,-0.0021907,0.60449,-0.0027145,0.59912,0,0,0,0,0,0,0,0,0,0,1,0,,,
17,11,5.15,2,2.6648,1.4504,1.4558,-0.0028016,-0.0049445,-0.0038622,2.6598,1.4608,-0.001164,-0.0021985,0.0021415,2.6544,0.0039656,0.007143,0.0017207,0.60741,0.0018468,-0.0022325,0.60247,-0.0027334,0.59699,0,0,0,0,0,0,0,0,0,0,1,0,,,
17,12,3.82,1,4.4917,0.91482,1.5373,-0.15304,-0.0059544,0.084869,3.7191,0.93289,0.087219,0.0090908,-0.041224,4.4391,-0.25329,-0.029249,0.071031,1.2562,-0.0071125,0.0017584,1.4391,-0.093731,1.2498,0,0,0,0,0,0,0,0,0,0,0,1,,,
17,12,3.82,2,4.2638,0.98434,1.5162,-0.12636,-0.018316,0.0834,3.6366,0.98188,0.091993,0.022949,-0.045897,4.2579,-0.23166,-0.041233,0.064139,1.1776,-0.0076267,-0.0072949,1.3631,-0.10203,1.1424,0,0,0,0,0,0,0,0,0,0,0,1,,,
17,7,3.81,1,2.9714,1.0763,1.0772,0.00021984,0.00094859,0.0015577,2.9715,1.0772,0.001751,-0.00025462,-0.0018246,2.9706,-0.0019708,-0.00069397,0.00026689,0.94722,0.00026689,-0.00025462,0.94722,0.00021984,0.94633,0,0,0,0,0,0,1,0,0,0,0,0,,,
17,7,3.81,2,2.9712,1.0764,1.0773,0.00021776,0.00094432,0.0015494,2.9712,1.0773,0.0017424,-0.0002537,-0.0018149,2.9704,-0.0019602,-0.00069062,0.00026554,0.94707,0.0002661,-0.00025482,0.94707,0.0002194,0.94618,0,0,0,0,0,0,1,0,0,0,0,0,,,
17,5,2.95,1,1.4915,0.57326,0.59751,-0.0089192,-0.029465,0.014273,1.2024,0.55303,0.0060899,-0.0032774,0.0046564,1.4577,-0.017117,-0.033356,0.0072961,0.30777,0.011031,-0.012691,0.39975,-0.01176,0.33568,0,0,0,0,1,0,0,0,0,0,0,0,,,
17,5,2.95,2,1.134,0.58731,0.57695,-0.0058275,-0.01775,0.0087856,0.97713,0.57276,0.0055567,0.0020052,0.00017146,1.1197,-0.01147,-0.022053,0.0046302,0.17851,0.0078058,-0.0063111,0.23477,-0.0088212,0.19325,0,0,0,0,1,0,0,0,0,0,0,0,,,
